user_id,total_interactions,preference_strength,top_category_1,top_category_2,top_category_3,top_score_1,top_score_2,top_score_3,score_sports,score_gaming,score_cooking,score_traveling,score_entertainment,score_music,score_education,score_news,score_vlog,score_review,score_fashion,score_technology,score_fitness,score_food,score_animals,score_nature,score_comedy
20011941237,0,1.0,sports,gaming,cooking,0.0588,0.0588,0.0588,0.0588,0.0588,0.0588,0.0588,0.0588,0.0588,0.0588,0.0588,0.0588,0.0588,0.0588,0.0588,0.0588,0.0588,0.0588,0.0588,0.0588
200124111051,0,1.0,sports,gaming,cooking,0.0588,0.0588,0.0588,0.0588,0.0588,0.0588,0.0588,0.0588,0.0588,0.0588,0.0588,0.0588,0.0588,0.0588,0.0588,0.0588,0.0588,0.0588,0.0588,0.0588
200124163201,0,1.0,sports,gaming,cooking,0.0588,0.0588,0.0588,0.0588,0.0588,0.0588,0.0588,0.0588,0.0588,0.0588,0.0588,0.0588,0.0588,0.0588,0.0588,0.0588,0.0588,0.0588,0.0588,0.0588
200124252210,0,1.0,sports,gaming,cooking,0.0588,0.0588,0.0588,0.0588,0.0588,0.0588,0.0588,0.0588,0.0588,0.0588,0.0588,0.0588,0.0588,0.0588,0.0588,0.0588,0.0588,0.0588,0.0588,0.0588
200124324027,0,1.0,sports,gaming,cooking,0.0588,0.0588,0.0588,0.0588,0.0588,0.0588,0.0588,0.0588,0.0588,0.0588,0.0588,0.0588,0.0588,0.0588,0.0588,0.0588,0.0588,0.0588,0.0588,0.0588
200125011102,0,1.0,sports,gaming,cooking,0.0588,0.0588,0.0588,0.0588,0.0588,0.0588,0.0588,0.0588,0.0588,0.0588,0.0588,0.0588,0.0588,0.0588,0.0588,0.0588,0.0588,0.0588,0.0588,0.0588
200125011235,0,1.0,sports,gaming,cooking,0.0588,0.0588,0.0588,0.0588,0.0588,0.0588,0.0588,0.0588,0.0588,0.0588,0.0588,0.0588,0.0588,0.0588,0.0588,0.0588,0.0588,0.0588,0.0588,0.0588
200125025276,0,1.0,sports,gaming,cooking,0.0588,0.0588,0.0588,0.0588,0.0588,0.0588,0.0588,0.0588,0.0588,0.0588,0.0588,0.0588,0.0588,0.0588,0.0588,0.0588,0.0588,0.0588,0.0588,0.0588
200125026134,0,1.0,sports,gaming,cooking,0.0588,0.0588,0.0588,0.0588,0.0588,0.0588,0.0588,0.0588,0.0588,0.0588,0.0588,0.0588,0.0588,0.0588,0.0588,0.0588,0.0588,0.0588,0.0588,0.0588
200125026217,0,1.0,sports,gaming,cooking,0.0588,0.0588,0.0588,0.0588,0.0588,0.0588,0.0588,0.0588,0.0588,0.0588,0.0588,0.0588,0.0588,0.0588,0.0588,0.0588,0.0588,0.0588,0.0588,0.0588
200125026514,0,1.0,sports,gaming,cooking,0.0588,0.0588,0.0588,0.0588,0.0588,0.0588,0.0588,0.0588,0.0588,0.0588,0.0588,0.0588,0.0588,0.0588,0.0588,0.0588,0.0588,0.0588,0.0588,0.0588
200125026654,0,1.0,sports,gaming,cooking,0.0588,0.0588,0.0588,0.0588,0.0588,0.0588,0.0588,0.0588,0.0588,0.0588,0.0588,0.0588,0.0588,0.0588,0.0588,0.0588,0.0588,0.0588,0.0588,0.0588
200125351136,0,1.0,sports,gaming,cooking,0.0588,0.0588,0.0588,0.0588,0.0588,0.0588,0.0588,0.0588,0.0588,0.0588,0.0588,0.0588,0.0588,0.0588,0.0588,0.0588,0.0588,0.0588,0.0588,0.0588
200125401873,0,1.0,sports,gaming,cooking,0.0588,0.0588,0.0588,0.0588,0.0588,0.0588,0.0588,0.0588,0.0588,0.0588,0.0588,0.0588,0.0588,0.0588,0.0588,0.0588,0.0588,0.0588,0.0588,0.0588
200125401881,0,1.0,sports,gaming,cooking,0.0588,0.0588,0.0588,0.0588,0.0588,0.0588,0.0588,0.0588,0.0588,0.0588,0.0588,0.0588,0.0588,0.0588,0.0588,0.0588,0.0588,0.0588,0.0588,0.0588
200125401915,0,1.0,sports,gaming,cooking,0.0588,0.0588,0.0588,0.0588,0.0588,0.0588,0.0588,0.0588,0.0588,0.0588,0.0588,0.0588,0.0588,0.0588,0.0588,0.0588,0.0588,0.0588,0.0588,0.0588
200125401923,0,1.0,sports,gaming,cooking,0.0588,0.0588,0.0588,0.0588,0.0588,0.0588,0.0588,0.0588,0.0588,0.0588,0.0588,0.0588,0.0588,0.0588,0.0588,0.0588,0.0588,0.0588,0.0588,0.0588
200125401931,0,1.0,sports,gaming,cooking,0.0588,0.0588,0.0588,0.0588,0.0588,0.0588,0.0588,0.0588,0.0588,0.0588,0.0588,0.0588,0.0588,0.0588,0.0588,0.0588,0.0588,0.0588,0.0588,0.0588
200125401949,0,1.0,sports,gaming,cooking,0.0588,0.0588,0.0588,0.0588,0.0588,0.0588,0.0588,0.0588,0.0588,0.0588,0.0588,0.0588,0.0588,0.0588,0.0588,0.0588,0.0588,0.0588,0.0588,0.0588
200125401956,0,1.0,sports,gaming,cooking,0.0588,0.0588,0.0588,0.0588,0.0588,0.0588,0.0588,0.0588,0.0588,0.0588,0.0588,0.0588,0.0588,0.0588,0.0588,0.0588,0.0588,0.0588,0.0588,0.0588
200125401964,0,1.0,sports,gaming,cooking,0.0588,0.0588,0.0588,0.0588,0.0588,0.0588,0.0588,0.0588,0.0588,0.0588,0.0588,0.0588,0.0588,0.0588,0.0588,0.0588,0.0588,0.0588,0.0588,0.0588
200125401972,0,1.0,sports,gaming,cooking,0.0588,0.0588,0.0588,0.0588,0.0588,0.0588,0.0588,0.0588,0.0588,0.0588,0.0588,0.0588,0.0588,0.0588,0.0588,0.0588,0.0588,0.0588,0.0588,0.0588
200125401980,0,1.0,sports,gaming,cooking,0.0588,0.0588,0.0588,0.0588,0.0588,0.0588,0.0588,0.0588,0.0588,0.0588,0.0588,0.0588,0.0588,0.0588,0.0588,0.0588,0.0588,0.0588,0.0588,0.0588
200125401998,0,1.0,sports,gaming,cooking,0.0588,0.0588,0.0588,0.0588,0.0588,0.0588,0.0588,0.0588,0.0588,0.0588,0.0588,0.0588,0.0588,0.0588,0.0588,0.0588,0.0588,0.0588,0.0588,0.0588
200125402004,0,1.0,sports,gaming,cooking,0.0588,0.0588,0.0588,0.0588,0.0588,0.0588,0.0588,0.0588,0.0588,0.0588,0.0588,0.0588,0.0588,0.0588,0.0588,0.0588,0.0588,0.0588,0.0588,0.0588
200125402012,0,1.0,sports,gaming,cooking,0.0588,0.0588,0.0588,0.0588,0.0588,0.0588,0.0588,0.0588,0.0588,0.0588,0.0588,0.0588,0.0588,0.0588,0.0588,0.0588,0.0588,0.0588,0.0588,0.0588
200125402020,0,1.0,sports,gaming,cooking,0.0588,0.0588,0.0588,0.0588,0.0588,0.0588,0.0588,0.0588,0.0588,0.0588,0.0588,0.0588,0.0588,0.0588,0.0588,0.0588,0.0588,0.0588,0.0588,0.0588
200125402038,0,1.0,sports,gaming,cooking,0.0588,0.0588,0.0588,0.0588,0.0588,0.0588,0.0588,0.0588,0.0588,0.0588,0.0588,0.0588,0.0588,0.0588,0.0588,0.0588,0.0588,0.0588,0.0588,0.0588
200125402046,0,1.0,sports,gaming,cooking,0.0588,0.0588,0.0588,0.0588,0.0588,0.0588,0.0588,0.0588,0.0588,0.0588,0.0588,0.0588,0.0588,0.0588,0.0588,0.0588,0.0588,0.0588,0.0588,0.0588
200125402053,0,1.0,sports,gaming,cooking,0.0588,0.0588,0.0588,0.0588,0.0588,0.0588,0.0588,0.0588,0.0588,0.0588,0.0588,0.0588,0.0588,0.0588,0.0588,0.0588,0.0588,0.0588,0.0588,0.0588
200125402061,0,1.0,sports,gaming,cooking,0.0588,0.0588,0.0588,0.0588,0.0588,0.0588,0.0588,0.0588,0.0588,0.0588,0.0588,0.0588,0.0588,0.0588,0.0588,0.0588,0.0588,0.0588,0.0588,0.0588
200125402079,0,1.0,sports,gaming,cooking,0.0588,0.0588,0.0588,0.0588,0.0588,0.0588,0.0588,0.0588,0.0588,0.0588,0.0588,0.0588,0.0588,0.0588,0.0588,0.0588,0.0588,0.0588,0.0588,0.0588
200125402087,0,1.0,sports,gaming,cooking,0.0588,0.0588,0.0588,0.0588,0.0588,0.0588,0.0588,0.0588,0.0588,0.0588,0.0588,0.0588,0.0588,0.0588,0.0588,0.0588,0.0588,0.0588,0.0588,0.0588
200125402095,0,1.0,sports,gaming,cooking,0.0588,0.0588,0.0588,0.0588,0.0588,0.0588,0.0588,0.0588,0.0588,0.0588,0.0588,0.0588,0.0588,0.0588,0.0588,0.0588,0.0588,0.0588,0.0588,0.0588
200125402103,0,1.0,sports,gaming,cooking,0.0588,0.0588,0.0588,0.0588,0.0588,0.0588,0.0588,0.0588,0.0588,0.0588,0.0588,0.0588,0.0588,0.0588,0.0588,0.0588,0.0588,0.0588,0.0588,0.0588
200125402111,0,1.0,sports,gaming,cooking,0.0588,0.0588,0.0588,0.0588,0.0588,0.0588,0.0588,0.0588,0.0588,0.0588,0.0588,0.0588,0.0588,0.0588,0.0588,0.0588,0.0588,0.0588,0.0588,0.0588
200125402129,0,1.0,sports,gaming,cooking,0.0588,0.0588,0.0588,0.0588,0.0588,0.0588,0.0588,0.0588,0.0588,0.0588,0.0588,0.0588,0.0588,0.0588,0.0588,0.0588,0.0588,0.0588,0.0588,0.0588
200125402137,0,1.0,sports,gaming,cooking,0.0588,0.0588,0.0588,0.0588,0.0588,0.0588,0.0588,0.0588,0.0588,0.0588,0.0588,0.0588,0.0588,0.0588,0.0588,0.0588,0.0588,0.0588,0.0588,0.0588
200125402145,0,1.0,sports,gaming,cooking,0.0588,0.0588,0.0588,0.0588,0.0588,0.0588,0.0588,0.0588,0.0588,0.0588,0.0588,0.0588,0.0588,0.0588,0.0588,0.0588,0.0588,0.0588,0.0588,0.0588
200125402152,0,1.0,sports,gaming,cooking,0.0588,0.0588,0.0588,0.0588,0.0588,0.0588,0.0588,0.0588,0.0588,0.0588,0.0588,0.0588,0.0588,0.0588,0.0588,0.0588,0.0588,0.0588,0.0588,0.0588
200125402160,0,1.0,sports,gaming,cooking,0.0588,0.0588,0.0588,0.0588,0.0588,0.0588,0.0588,0.0588,0.0588,0.0588,0.0588,0.0588,0.0588,0.0588,0.0588,0.0588,0.0588,0.0588,0.0588,0.0588
200125402178,0,1.0,sports,gaming,cooking,0.0588,0.0588,0.0588,0.0588,0.0588,0.0588,0.0588,0.0588,0.0588,0.0588,0.0588,0.0588,0.0588,0.0588,0.0588,0.0588,0.0588,0.0588,0.0588,0.0588
200125402186,0,1.0,sports,gaming,cooking,0.0588,0.0588,0.0588,0.0588,0.0588,0.0588,0.0588,0.0588,0.0588,0.0588,0.0588,0.0588,0.0588,0.0588,0.0588,0.0588,0.0588,0.0588,0.0588,0.0588
200125402194,0,1.0,sports,gaming,cooking,0.0588,0.0588,0.0588,0.0588,0.0588,0.0588,0.0588,0.0588,0.0588,0.0588,0.0588,0.0588,0.0588,0.0588,0.0588,0.0588,0.0588,0.0588,0.0588,0.0588
200125402202,0,1.0,sports,gaming,cooking,0.0588,0.0588,0.0588,0.0588,0.0588,0.0588,0.0588,0.0588,0.0588,0.0588,0.0588,0.0588,0.0588,0.0588,0.0588,0.0588,0.0588,0.0588,0.0588,0.0588
200125402210,0,1.0,sports,gaming,cooking,0.0588,0.0588,0.0588,0.0588,0.0588,0.0588,0.0588,0.0588,0.0588,0.0588,0.0588,0.0588,0.0588,0.0588,0.0588,0.0588,0.0588,0.0588,0.0588,0.0588
200125402228,0,1.0,sports,gaming,cooking,0.0588,0.0588,0.0588,0.0588,0.0588,0.0588,0.0588,0.0588,0.0588,0.0588,0.0588,0.0588,0.0588,0.0588,0.0588,0.0588,0.0588,0.0588,0.0588,0.0588
200125402236,0,1.0,sports,gaming,cooking,0.0588,0.0588,0.0588,0.0588,0.0588,0.0588,0.0588,0.0588,0.0588,0.0588,0.0588,0.0588,0.0588,0.0588,0.0588,0.0588,0.0588,0.0588,0.0588,0.0588
200125402244,0,1.0,sports,gaming,cooking,0.0588,0.0588,0.0588,0.0588,0.0588,0.0588,0.0588,0.0588,0.0588,0.0588,0.0588,0.0588,0.0588,0.0588,0.0588,0.0588,0.0588,0.0588,0.0588,0.0588
200125402251,0,1.0,sports,gaming,cooking,0.0588,0.0588,0.0588,0.0588,0.0588,0.0588,0.0588,0.0588,0.0588,0.0588,0.0588,0.0588,0.0588,0.0588,0.0588,0.0588,0.0588,0.0588,0.0588,0.0588
200125402269,0,1.0,sports,gaming,cooking,0.0588,0.0588,0.0588,0.0588,0.0588,0.0588,0.0588,0.0588,0.0588,0.0588,0.0588,0.0588,0.0588,0.0588,0.0588,0.0588,0.0588,0.0588,0.0588,0.0588
200125402277,0,1.0,sports,gaming,cooking,0.0588,0.0588,0.0588,0.0588,0.0588,0.0588,0.0588,0.0588,0.0588,0.0588,0.0588,0.0588,0.0588,0.0588,0.0588,0.0588,0.0588,0.0588,0.0588,0.0588
200125402285,0,1.0,sports,gaming,cooking,0.0588,0.0588,0.0588,0.0588,0.0588,0.0588,0.0588,0.0588,0.0588,0.0588,0.0588,0.0588,0.0588,0.0588,0.0588,0.0588,0.0588,0.0588,0.0588,0.0588
200125402293,0,1.0,sports,gaming,cooking,0.0588,0.0588,0.0588,0.0588,0.0588,0.0588,0.0588,0.0588,0.0588,0.0588,0.0588,0.0588,0.0588,0.0588,0.0588,0.0588,0.0588,0.0588,0.0588,0.0588
200125402301,0,1.0,sports,gaming,cooking,0.0588,0.0588,0.0588,0.0588,0.0588,0.0588,0.0588,0.0588,0.0588,0.0588,0.0588,0.0588,0.0588,0.0588,0.0588,0.0588,0.0588,0.0588,0.0588,0.0588
200125402319,0,1.0,sports,gaming,cooking,0.0588,0.0588,0.0588,0.0588,0.0588,0.0588,0.0588,0.0588,0.0588,0.0588,0.0588,0.0588,0.0588,0.0588,0.0588,0.0588,0.0588,0.0588,0.0588,0.0588
200125402327,0,1.0,sports,gaming,cooking,0.0588,0.0588,0.0588,0.0588,0.0588,0.0588,0.0588,0.0588,0.0588,0.0588,0.0588,0.0588,0.0588,0.0588,0.0588,0.0588,0.0588,0.0588,0.0588,0.0588
200125402335,0,1.0,sports,gaming,cooking,0.0588,0.0588,0.0588,0.0588,0.0588,0.0588,0.0588,0.0588,0.0588,0.0588,0.0588,0.0588,0.0588,0.0588,0.0588,0.0588,0.0588,0.0588,0.0588,0.0588
200125402343,0,1.0,sports,gaming,cooking,0.0588,0.0588,0.0588,0.0588,0.0588,0.0588,0.0588,0.0588,0.0588,0.0588,0.0588,0.0588,0.0588,0.0588,0.0588,0.0588,0.0588,0.0588,0.0588,0.0588
200125402350,0,1.0,sports,gaming,cooking,0.0588,0.0588,0.0588,0.0588,0.0588,0.0588,0.0588,0.0588,0.0588,0.0588,0.0588,0.0588,0.0588,0.0588,0.0588,0.0588,0.0588,0.0588,0.0588,0.0588
200125402368,0,1.0,sports,gaming,cooking,0.0588,0.0588,0.0588,0.0588,0.0588,0.0588,0.0588,0.0588,0.0588,0.0588,0.0588,0.0588,0.0588,0.0588,0.0588,0.0588,0.0588,0.0588,0.0588,0.0588
200125402376,0,1.0,sports,gaming,cooking,0.0588,0.0588,0.0588,0.0588,0.0588,0.0588,0.0588,0.0588,0.0588,0.0588,0.0588,0.0588,0.0588,0.0588,0.0588,0.0588,0.0588,0.0588,0.0588,0.0588
200125402384,0,1.0,sports,gaming,cooking,0.0588,0.0588,0.0588,0.0588,0.0588,0.0588,0.0588,0.0588,0.0588,0.0588,0.0588,0.0588,0.0588,0.0588,0.0588,0.0588,0.0588,0.0588,0.0588,0.0588
200125402392,0,1.0,sports,gaming,cooking,0.0588,0.0588,0.0588,0.0588,0.0588,0.0588,0.0588,0.0588,0.0588,0.0588,0.0588,0.0588,0.0588,0.0588,0.0588,0.0588,0.0588,0.0588,0.0588,0.0588
200125402400,0,1.0,sports,gaming,cooking,0.0588,0.0588,0.0588,0.0588,0.0588,0.0588,0.0588,0.0588,0.0588,0.0588,0.0588,0.0588,0.0588,0.0588,0.0588,0.0588,0.0588,0.0588,0.0588,0.0588
200125402418,0,1.0,sports,gaming,cooking,0.0588,0.0588,0.0588,0.0588,0.0588,0.0588,0.0588,0.0588,0.0588,0.0588,0.0588,0.0588,0.0588,0.0588,0.0588,0.0588,0.0588,0.0588,0.0588,0.0588
200125402426,0,1.0,sports,gaming,cooking,0.0588,0.0588,0.0588,0.0588,0.0588,0.0588,0.0588,0.0588,0.0588,0.0588,0.0588,0.0588,0.0588,0.0588,0.0588,0.0588,0.0588,0.0588,0.0588,0.0588
200125402434,0,1.0,sports,gaming,cooking,0.0588,0.0588,0.0588,0.0588,0.0588,0.0588,0.0588,0.0588,0.0588,0.0588,0.0588,0.0588,0.0588,0.0588,0.0588,0.0588,0.0588,0.0588,0.0588,0.0588
200125402442,0,1.0,sports,gaming,cooking,0.0588,0.0588,0.0588,0.0588,0.0588,0.0588,0.0588,0.0588,0.0588,0.0588,0.0588,0.0588,0.0588,0.0588,0.0588,0.0588,0.0588,0.0588,0.0588,0.0588
200125402459,0,1.0,sports,gaming,cooking,0.0588,0.0588,0.0588,0.0588,0.0588,0.0588,0.0588,0.0588,0.0588,0.0588,0.0588,0.0588,0.0588,0.0588,0.0588,0.0588,0.0588,0.0588,0.0588,0.0588
200125402467,0,1.0,sports,gaming,cooking,0.0588,0.0588,0.0588,0.0588,0.0588,0.0588,0.0588,0.0588,0.0588,0.0588,0.0588,0.0588,0.0588,0.0588,0.0588,0.0588,0.0588,0.0588,0.0588,0.0588
200125402475,0,1.0,sports,gaming,cooking,0.0588,0.0588,0.0588,0.0588,0.0588,0.0588,0.0588,0.0588,0.0588,0.0588,0.0588,0.0588,0.0588,0.0588,0.0588,0.0588,0.0588,0.0588,0.0588,0.0588
200125402483,0,1.0,sports,gaming,cooking,0.0588,0.0588,0.0588,0.0588,0.0588,0.0588,0.0588,0.0588,0.0588,0.0588,0.0588,0.0588,0.0588,0.0588,0.0588,0.0588,0.0588,0.0588,0.0588,0.0588
200125402491,0,1.0,sports,gaming,cooking,0.0588,0.0588,0.0588,0.0588,0.0588,0.0588,0.0588,0.0588,0.0588,0.0588,0.0588,0.0588,0.0588,0.0588,0.0588,0.0588,0.0588,0.0588,0.0588,0.0588
200125402509,0,1.0,sports,gaming,cooking,0.0588,0.0588,0.0588,0.0588,0.0588,0.0588,0.0588,0.0588,0.0588,0.0588,0.0588,0.0588,0.0588,0.0588,0.0588,0.0588,0.0588,0.0588,0.0588,0.0588
200125402517,0,1.0,sports,gaming,cooking,0.0588,0.0588,0.0588,0.0588,0.0588,0.0588,0.0588,0.0588,0.0588,0.0588,0.0588,0.0588,0.0588,0.0588,0.0588,0.0588,0.0588,0.0588,0.0588,0.0588
200125402525,0,1.0,sports,gaming,cooking,0.0588,0.0588,0.0588,0.0588,0.0588,0.0588,0.0588,0.0588,0.0588,0.0588,0.0588,0.0588,0.0588,0.0588,0.0588,0.0588,0.0588,0.0588,0.0588,0.0588
200125402533,0,1.0,sports,gaming,cooking,0.0588,0.0588,0.0588,0.0588,0.0588,0.0588,0.0588,0.0588,0.0588,0.0588,0.0588,0.0588,0.0588,0.0588,0.0588,0.0588,0.0588,0.0588,0.0588,0.0588
200125402541,0,1.0,sports,gaming,cooking,0.0588,0.0588,0.0588,0.0588,0.0588,0.0588,0.0588,0.0588,0.0588,0.0588,0.0588,0.0588,0.0588,0.0588,0.0588,0.0588,0.0588,0.0588,0.0588,0.0588
200125402558,0,1.0,sports,gaming,cooking,0.0588,0.0588,0.0588,0.0588,0.0588,0.0588,0.0588,0.0588,0.0588,0.0588,0.0588,0.0588,0.0588,0.0588,0.0588,0.0588,0.0588,0.0588,0.0588,0.0588
200125402566,0,1.0,sports,gaming,cooking,0.0588,0.0588,0.0588,0.0588,0.0588,0.0588,0.0588,0.0588,0.0588,0.0588,0.0588,0.0588,0.0588,0.0588,0.0588,0.0588,0.0588,0.0588,0.0588,0.0588
200125402582,0,1.0,sports,gaming,cooking,0.0588,0.0588,0.0588,0.0588,0.0588,0.0588,0.0588,0.0588,0.0588,0.0588,0.0588,0.0588,0.0588,0.0588,0.0588,0.0588,0.0588,0.0588,0.0588,0.0588
200125402590,0,1.0,sports,gaming,cooking,0.0588,0.0588,0.0588,0.0588,0.0588,0.0588,0.0588,0.0588,0.0588,0.0588,0.0588,0.0588,0.0588,0.0588,0.0588,0.0588,0.0588,0.0588,0.0588,0.0588
200125402608,0,1.0,sports,gaming,cooking,0.0588,0.0588,0.0588,0.0588,0.0588,0.0588,0.0588,0.0588,0.0588,0.0588,0.0588,0.0588,0.0588,0.0588,0.0588,0.0588,0.0588,0.0588,0.0588,0.0588
200125402616,0,1.0,sports,gaming,cooking,0.0588,0.0588,0.0588,0.0588,0.0588,0.0588,0.0588,0.0588,0.0588,0.0588,0.0588,0.0588,0.0588,0.0588,0.0588,0.0588,0.0588,0.0588,0.0588,0.0588
200125402624,0,1.0,sports,gaming,cooking,0.0588,0.0588,0.0588,0.0588,0.0588,0.0588,0.0588,0.0588,0.0588,0.0588,0.0588,0.0588,0.0588,0.0588,0.0588,0.0588,0.0588,0.0588,0.0588,0.0588
200125402640,0,1.0,sports,gaming,cooking,0.0588,0.0588,0.0588,0.0588,0.0588,0.0588,0.0588,0.0588,0.0588,0.0588,0.0588,0.0588,0.0588,0.0588,0.0588,0.0588,0.0588,0.0588,0.0588,0.0588
200125402657,0,1.0,sports,gaming,cooking,0.0588,0.0588,0.0588,0.0588,0.0588,0.0588,0.0588,0.0588,0.0588,0.0588,0.0588,0.0588,0.0588,0.0588,0.0588,0.0588,0.0588,0.0588,0.0588,0.0588
200125402665,0,1.0,sports,gaming,cooking,0.0588,0.0588,0.0588,0.0588,0.0588,0.0588,0.0588,0.0588,0.0588,0.0588,0.0588,0.0588,0.0588,0.0588,0.0588,0.0588,0.0588,0.0588,0.0588,0.0588
200125402673,0,1.0,sports,gaming,cooking,0.0588,0.0588,0.0588,0.0588,0.0588,0.0588,0.0588,0.0588,0.0588,0.0588,0.0588,0.0588,0.0588,0.0588,0.0588,0.0588,0.0588,0.0588,0.0588,0.0588
200125402681,0,1.0,sports,gaming,cooking,0.0588,0.0588,0.0588,0.0588,0.0588,0.0588,0.0588,0.0588,0.0588,0.0588,0.0588,0.0588,0.0588,0.0588,0.0588,0.0588,0.0588,0.0588,0.0588,0.0588
200125402707,0,1.0,sports,gaming,cooking,0.0588,0.0588,0.0588,0.0588,0.0588,0.0588,0.0588,0.0588,0.0588,0.0588,0.0588,0.0588,0.0588,0.0588,0.0588,0.0588,0.0588,0.0588,0.0588,0.0588
200125402715,0,1.0,sports,gaming,cooking,0.0588,0.0588,0.0588,0.0588,0.0588,0.0588,0.0588,0.0588,0.0588,0.0588,0.0588,0.0588,0.0588,0.0588,0.0588,0.0588,0.0588,0.0588,0.0588,0.0588
200125402723,0,1.0,sports,gaming,cooking,0.0588,0.0588,0.0588,0.0588,0.0588,0.0588,0.0588,0.0588,0.0588,0.0588,0.0588,0.0588,0.0588,0.0588,0.0588,0.0588,0.0588,0.0588,0.0588,0.0588
200125402731,0,1.0,sports,gaming,cooking,0.0588,0.0588,0.0588,0.0588,0.0588,0.0588,0.0588,0.0588,0.0588,0.0588,0.0588,0.0588,0.0588,0.0588,0.0588,0.0588,0.0588,0.0588,0.0588,0.0588
200125402749,0,1.0,sports,gaming,cooking,0.0588,0.0588,0.0588,0.0588,0.0588,0.0588,0.0588,0.0588,0.0588,0.0588,0.0588,0.0588,0.0588,0.0588,0.0588,0.0588,0.0588,0.0588,0.0588,0.0588
200125402756,0,1.0,sports,gaming,cooking,0.0588,0.0588,0.0588,0.0588,0.0588,0.0588,0.0588,0.0588,0.0588,0.0588,0.0588,0.0588,0.0588,0.0588,0.0588,0.0588,0.0588,0.0588,0.0588,0.0588
200125402772,0,1.0,sports,gaming,cooking,0.0588,0.0588,0.0588,0.0588,0.0588,0.0588,0.0588,0.0588,0.0588,0.0588,0.0588,0.0588,0.0588,0.0588,0.0588,0.0588,0.0588,0.0588,0.0588,0.0588
200125402780,0,1.0,sports,gaming,cooking,0.0588,0.0588,0.0588,0.0588,0.0588,0.0588,0.0588,0.0588,0.0588,0.0588,0.0588,0.0588,0.0588,0.0588,0.0588,0.0588,0.0588,0.0588,0.0588,0.0588
200125402798,0,1.0,sports,gaming,cooking,0.0588,0.0588,0.0588,0.0588,0.0588,0.0588,0.0588,0.0588,0.0588,0.0588,0.0588,0.0588,0.0588,0.0588,0.0588,0.0588,0.0588,0.0588,0.0588,0.0588
200125402806,0,1.0,sports,gaming,cooking,0.0588,0.0588,0.0588,0.0588,0.0588,0.0588,0.0588,0.0588,0.0588,0.0588,0.0588,0.0588,0.0588,0.0588,0.0588,0.0588,0.0588,0.0588,0.0588,0.0588
200125402814,0,1.0,sports,gaming,cooking,0.0588,0.0588,0.0588,0.0588,0.0588,0.0588,0.0588,0.0588,0.0588,0.0588,0.0588,0.0588,0.0588,0.0588,0.0588,0.0588,0.0588,0.0588,0.0588,0.0588
200125402822,0,1.0,sports,gaming,cooking,0.0588,0.0588,0.0588,0.0588,0.0588,0.0588,0.0588,0.0588,0.0588,0.0588,0.0588,0.0588,0.0588,0.0588,0.0588,0.0588,0.0588,0.0588,0.0588,0.0588
200125402830,0,1.0,sports,gaming,cooking,0.0588,0.0588,0.0588,0.0588,0.0588,0.0588,0.0588,0.0588,0.0588,0.0588,0.0588,0.0588,0.0588,0.0588,0.0588,0.0588,0.0588,0.0588,0.0588,0.0588
200125402848,0,1.0,sports,gaming,cooking,0.0588,0.0588,0.0588,0.0588,0.0588,0.0588,0.0588,0.0588,0.0588,0.0588,0.0588,0.0588,0.0588,0.0588,0.0588,0.0588,0.0588,0.0588,0.0588,0.0588
200125402855,0,1.0,sports,gaming,cooking,0.0588,0.0588,0.0588,0.0588,0.0588,0.0588,0.0588,0.0588,0.0588,0.0588,0.0588,0.0588,0.0588,0.0588,0.0588,0.0588,0.0588,0.0588,0.0588,0.0588
200125402863,0,1.0,sports,gaming,cooking,0.0588,0.0588,0.0588,0.0588,0.0588,0.0588,0.0588,0.0588,0.0588,0.0588,0.0588,0.0588,0.0588,0.0588,0.0588,0.0588,0.0588,0.0588,0.0588,0.0588
200125402871,0,1.0,sports,gaming,cooking,0.0588,0.0588,0.0588,0.0588,0.0588,0.0588,0.0588,0.0588,0.0588,0.0588,0.0588,0.0588,0.0588,0.0588,0.0588,0.0588,0.0588,0.0588,0.0588,0.0588
200125402889,0,1.0,sports,gaming,cooking,0.0588,0.0588,0.0588,0.0588,0.0588,0.0588,0.0588,0.0588,0.0588,0.0588,0.0588,0.0588,0.0588,0.0588,0.0588,0.0588,0.0588,0.0588,0.0588,0.0588
200125402897,0,1.0,sports,gaming,cooking,0.0588,0.0588,0.0588,0.0588,0.0588,0.0588,0.0588,0.0588,0.0588,0.0588,0.0588,0.0588,0.0588,0.0588,0.0588,0.0588,0.0588,0.0588,0.0588,0.0588
200125402905,0,1.0,sports,gaming,cooking,0.0588,0.0588,0.0588,0.0588,0.0588,0.0588,0.0588,0.0588,0.0588,0.0588,0.0588,0.0588,0.0588,0.0588,0.0588,0.0588,0.0588,0.0588,0.0588,0.0588
200125402913,0,1.0,sports,gaming,cooking,0.0588,0.0588,0.0588,0.0588,0.0588,0.0588,0.0588,0.0588,0.0588,0.0588,0.0588,0.0588,0.0588,0.0588,0.0588,0.0588,0.0588,0.0588,0.0588,0.0588
200125402921,0,1.0,sports,gaming,cooking,0.0588,0.0588,0.0588,0.0588,0.0588,0.0588,0.0588,0.0588,0.0588,0.0588,0.0588,0.0588,0.0588,0.0588,0.0588,0.0588,0.0588,0.0588,0.0588,0.0588
200125402939,0,1.0,sports,gaming,cooking,0.0588,0.0588,0.0588,0.0588,0.0588,0.0588,0.0588,0.0588,0.0588,0.0588,0.0588,0.0588,0.0588,0.0588,0.0588,0.0588,0.0588,0.0588,0.0588,0.0588
200125402947,0,1.0,sports,gaming,cooking,0.0588,0.0588,0.0588,0.0588,0.0588,0.0588,0.0588,0.0588,0.0588,0.0588,0.0588,0.0588,0.0588,0.0588,0.0588,0.0588,0.0588,0.0588,0.0588,0.0588
200125402954,0,1.0,sports,gaming,cooking,0.0588,0.0588,0.0588,0.0588,0.0588,0.0588,0.0588,0.0588,0.0588,0.0588,0.0588,0.0588,0.0588,0.0588,0.0588,0.0588,0.0588,0.0588,0.0588,0.0588
200125402962,0,1.0,sports,gaming,cooking,0.0588,0.0588,0.0588,0.0588,0.0588,0.0588,0.0588,0.0588,0.0588,0.0588,0.0588,0.0588,0.0588,0.0588,0.0588,0.0588,0.0588,0.0588,0.0588,0.0588
200126093125,0,1.0,sports,gaming,cooking,0.0588,0.0588,0.0588,0.0588,0.0588,0.0588,0.0588,0.0588,0.0588,0.0588,0.0588,0.0588,0.0588,0.0588,0.0588,0.0588,0.0588,0.0588,0.0588,0.0588
200126173281,0,1.0,sports,gaming,cooking,0.0588,0.0588,0.0588,0.0588,0.0588,0.0588,0.0588,0.0588,0.0588,0.0588,0.0588,0.0588,0.0588,0.0588,0.0588,0.0588,0.0588,0.0588,0.0588,0.0588
200126384532,0,1.0,sports,gaming,cooking,0.0588,0.0588,0.0588,0.0588,0.0588,0.0588,0.0588,0.0588,0.0588,0.0588,0.0588,0.0588,0.0588,0.0588,0.0588,0.0588,0.0588,0.0588,0.0588,0.0588
200126598867,0,1.0,sports,gaming,cooking,0.0588,0.0588,0.0588,0.0588,0.0588,0.0588,0.0588,0.0588,0.0588,0.0588,0.0588,0.0588,0.0588,0.0588,0.0588,0.0588,0.0588,0.0588,0.0588,0.0588
200127044374,0,1.0,sports,gaming,cooking,0.0588,0.0588,0.0588,0.0588,0.0588,0.0588,0.0588,0.0588,0.0588,0.0588,0.0588,0.0588,0.0588,0.0588,0.0588,0.0588,0.0588,0.0588,0.0588,0.0588
200127351217,0,1.0,sports,gaming,cooking,0.0588,0.0588,0.0588,0.0588,0.0588,0.0588,0.0588,0.0588,0.0588,0.0588,0.0588,0.0588,0.0588,0.0588,0.0588,0.0588,0.0588,0.0588,0.0588,0.0588
200127540793,0,1.0,sports,gaming,cooking,0.0588,0.0588,0.0588,0.0588,0.0588,0.0588,0.0588,0.0588,0.0588,0.0588,0.0588,0.0588,0.0588,0.0588,0.0588,0.0588,0.0588,0.0588,0.0588,0.0588
200127923619,0,1.0,sports,gaming,cooking,0.0588,0.0588,0.0588,0.0588,0.0588,0.0588,0.0588,0.0588,0.0588,0.0588,0.0588,0.0588,0.0588,0.0588,0.0588,0.0588,0.0588,0.0588,0.0588,0.0588
200127923635,0,1.0,sports,gaming,cooking,0.0588,0.0588,0.0588,0.0588,0.0588,0.0588,0.0588,0.0588,0.0588,0.0588,0.0588,0.0588,0.0588,0.0588,0.0588,0.0588,0.0588,0.0588,0.0588,0.0588
200128213663,0,1.0,sports,gaming,cooking,0.0588,0.0588,0.0588,0.0588,0.0588,0.0588,0.0588,0.0588,0.0588,0.0588,0.0588,0.0588,0.0588,0.0588,0.0588,0.0588,0.0588,0.0588,0.0588,0.0588
200128397144,0,1.0,sports,gaming,cooking,0.0588,0.0588,0.0588,0.0588,0.0588,0.0588,0.0588,0.0588,0.0588,0.0588,0.0588,0.0588,0.0588,0.0588,0.0588,0.0588,0.0588,0.0588,0.0588,0.0588
200128443476,0,1.0,sports,gaming,cooking,0.0588,0.0588,0.0588,0.0588,0.0588,0.0588,0.0588,0.0588,0.0588,0.0588,0.0588,0.0588,0.0588,0.0588,0.0588,0.0588,0.0588,0.0588,0.0588,0.0588
200128443633,0,1.0,sports,gaming,cooking,0.0588,0.0588,0.0588,0.0588,0.0588,0.0588,0.0588,0.0588,0.0588,0.0588,0.0588,0.0588,0.0588,0.0588,0.0588,0.0588,0.0588,0.0588,0.0588,0.0588
200128443757,0,1.0,sports,gaming,cooking,0.0588,0.0588,0.0588,0.0588,0.0588,0.0588,0.0588,0.0588,0.0588,0.0588,0.0588,0.0588,0.0588,0.0588,0.0588,0.0588,0.0588,0.0588,0.0588,0.0588
200128653736,0,1.0,sports,gaming,cooking,0.0588,0.0588,0.0588,0.0588,0.0588,0.0588,0.0588,0.0588,0.0588,0.0588,0.0588,0.0588,0.0588,0.0588,0.0588,0.0588,0.0588,0.0588,0.0588,0.0588
200128707284,0,1.0,sports,gaming,cooking,0.0588,0.0588,0.0588,0.0588,0.0588,0.0588,0.0588,0.0588,0.0588,0.0588,0.0588,0.0588,0.0588,0.0588,0.0588,0.0588,0.0588,0.0588,0.0588,0.0588
200128724768,0,1.0,sports,gaming,cooking,0.0588,0.0588,0.0588,0.0588,0.0588,0.0588,0.0588,0.0588,0.0588,0.0588,0.0588,0.0588,0.0588,0.0588,0.0588,0.0588,0.0588,0.0588,0.0588,0.0588
200128733652,0,1.0,sports,gaming,cooking,0.0588,0.0588,0.0588,0.0588,0.0588,0.0588,0.0588,0.0588,0.0588,0.0588,0.0588,0.0588,0.0588,0.0588,0.0588,0.0588,0.0588,0.0588,0.0588,0.0588
200128756687,0,1.0,sports,gaming,cooking,0.0588,0.0588,0.0588,0.0588,0.0588,0.0588,0.0588,0.0588,0.0588,0.0588,0.0588,0.0588,0.0588,0.0588,0.0588,0.0588,0.0588,0.0588,0.0588,0.0588
200128786684,0,1.0,sports,gaming,cooking,0.0588,0.0588,0.0588,0.0588,0.0588,0.0588,0.0588,0.0588,0.0588,0.0588,0.0588,0.0588,0.0588,0.0588,0.0588,0.0588,0.0588,0.0588,0.0588,0.0588
200128788599,0,1.0,sports,gaming,cooking,0.0588,0.0588,0.0588,0.0588,0.0588,0.0588,0.0588,0.0588,0.0588,0.0588,0.0588,0.0588,0.0588,0.0588,0.0588,0.0588,0.0588,0.0588,0.0588,0.0588
200128789415,0,1.0,sports,gaming,cooking,0.0588,0.0588,0.0588,0.0588,0.0588,0.0588,0.0588,0.0588,0.0588,0.0588,0.0588,0.0588,0.0588,0.0588,0.0588,0.0588,0.0588,0.0588,0.0588,0.0588
200128818644,0,1.0,sports,gaming,cooking,0.0588,0.0588,0.0588,0.0588,0.0588,0.0588,0.0588,0.0588,0.0588,0.0588,0.0588,0.0588,0.0588,0.0588,0.0588,0.0588,0.0588,0.0588,0.0588,0.0588
200128825219,0,1.0,sports,gaming,cooking,0.0588,0.0588,0.0588,0.0588,0.0588,0.0588,0.0588,0.0588,0.0588,0.0588,0.0588,0.0588,0.0588,0.0588,0.0588,0.0588,0.0588,0.0588,0.0588,0.0588
200128825524,0,1.0,sports,gaming,cooking,0.0588,0.0588,0.0588,0.0588,0.0588,0.0588,0.0588,0.0588,0.0588,0.0588,0.0588,0.0588,0.0588,0.0588,0.0588,0.0588,0.0588,0.0588,0.0588,0.0588
200128827397,0,1.0,sports,gaming,cooking,0.0588,0.0588,0.0588,0.0588,0.0588,0.0588,0.0588,0.0588,0.0588,0.0588,0.0588,0.0588,0.0588,0.0588,0.0588,0.0588,0.0588,0.0588,0.0588,0.0588
200128828312,0,1.0,sports,gaming,cooking,0.0588,0.0588,0.0588,0.0588,0.0588,0.0588,0.0588,0.0588,0.0588,0.0588,0.0588,0.0588,0.0588,0.0588,0.0588,0.0588,0.0588,0.0588,0.0588,0.0588
200128832108,0,1.0,sports,gaming,cooking,0.0588,0.0588,0.0588,0.0588,0.0588,0.0588,0.0588,0.0588,0.0588,0.0588,0.0588,0.0588,0.0588,0.0588,0.0588,0.0588,0.0588,0.0588,0.0588,0.0588
200128849441,0,1.0,sports,gaming,cooking,0.0588,0.0588,0.0588,0.0588,0.0588,0.0588,0.0588,0.0588,0.0588,0.0588,0.0588,0.0588,0.0588,0.0588,0.0588,0.0588,0.0588,0.0588,0.0588,0.0588
200128850175,0,1.0,sports,gaming,cooking,0.0588,0.0588,0.0588,0.0588,0.0588,0.0588,0.0588,0.0588,0.0588,0.0588,0.0588,0.0588,0.0588,0.0588,0.0588,0.0588,0.0588,0.0588,0.0588,0.0588
200128853153,0,1.0,sports,gaming,cooking,0.0588,0.0588,0.0588,0.0588,0.0588,0.0588,0.0588,0.0588,0.0588,0.0588,0.0588,0.0588,0.0588,0.0588,0.0588,0.0588,0.0588,0.0588,0.0588,0.0588
200128853237,0,1.0,sports,gaming,cooking,0.0588,0.0588,0.0588,0.0588,0.0588,0.0588,0.0588,0.0588,0.0588,0.0588,0.0588,0.0588,0.0588,0.0588,0.0588,0.0588,0.0588,0.0588,0.0588,0.0588
200128853435,0,1.0,sports,gaming,cooking,0.0588,0.0588,0.0588,0.0588,0.0588,0.0588,0.0588,0.0588,0.0588,0.0588,0.0588,0.0588,0.0588,0.0588,0.0588,0.0588,0.0588,0.0588,0.0588,0.0588
200128853443,0,1.0,sports,gaming,cooking,0.0588,0.0588,0.0588,0.0588,0.0588,0.0588,0.0588,0.0588,0.0588,0.0588,0.0588,0.0588,0.0588,0.0588,0.0588,0.0588,0.0588,0.0588,0.0588,0.0588
200128853799,0,1.0,sports,gaming,cooking,0.0588,0.0588,0.0588,0.0588,0.0588,0.0588,0.0588,0.0588,0.0588,0.0588,0.0588,0.0588,0.0588,0.0588,0.0588,0.0588,0.0588,0.0588,0.0588,0.0588
200128853971,0,1.0,sports,gaming,cooking,0.0588,0.0588,0.0588,0.0588,0.0588,0.0588,0.0588,0.0588,0.0588,0.0588,0.0588,0.0588,0.0588,0.0588,0.0588,0.0588,0.0588,0.0588,0.0588,0.0588
200128857774,0,1.0,sports,gaming,cooking,0.0588,0.0588,0.0588,0.0588,0.0588,0.0588,0.0588,0.0588,0.0588,0.0588,0.0588,0.0588,0.0588,0.0588,0.0588,0.0588,0.0588,0.0588,0.0588,0.0588
200128858202,0,1.0,sports,gaming,cooking,0.0588,0.0588,0.0588,0.0588,0.0588,0.0588,0.0588,0.0588,0.0588,0.0588,0.0588,0.0588,0.0588,0.0588,0.0588,0.0588,0.0588,0.0588,0.0588,0.0588
200128870660,0,1.0,sports,gaming,cooking,0.0588,0.0588,0.0588,0.0588,0.0588,0.0588,0.0588,0.0588,0.0588,0.0588,0.0588,0.0588,0.0588,0.0588,0.0588,0.0588,0.0588,0.0588,0.0588,0.0588
200128871916,0,1.0,sports,gaming,cooking,0.0588,0.0588,0.0588,0.0588,0.0588,0.0588,0.0588,0.0588,0.0588,0.0588,0.0588,0.0588,0.0588,0.0588,0.0588,0.0588,0.0588,0.0588,0.0588,0.0588
200128873532,0,1.0,sports,gaming,cooking,0.0588,0.0588,0.0588,0.0588,0.0588,0.0588,0.0588,0.0588,0.0588,0.0588,0.0588,0.0588,0.0588,0.0588,0.0588,0.0588,0.0588,0.0588,0.0588,0.0588
200128878291,0,1.0,sports,gaming,cooking,0.0588,0.0588,0.0588,0.0588,0.0588,0.0588,0.0588,0.0588,0.0588,0.0588,0.0588,0.0588,0.0588,0.0588,0.0588,0.0588,0.0588,0.0588,0.0588,0.0588
200128902984,0,1.0,sports,gaming,cooking,0.0588,0.0588,0.0588,0.0588,0.0588,0.0588,0.0588,0.0588,0.0588,0.0588,0.0588,0.0588,0.0588,0.0588,0.0588,0.0588,0.0588,0.0588,0.0588,0.0588
200128903370,0,1.0,sports,gaming,cooking,0.0588,0.0588,0.0588,0.0588,0.0588,0.0588,0.0588,0.0588,0.0588,0.0588,0.0588,0.0588,0.0588,0.0588,0.0588,0.0588,0.0588,0.0588,0.0588,0.0588
200128910706,0,1.0,sports,gaming,cooking,0.0588,0.0588,0.0588,0.0588,0.0588,0.0588,0.0588,0.0588,0.0588,0.0588,0.0588,0.0588,0.0588,0.0588,0.0588,0.0588,0.0588,0.0588,0.0588,0.0588
200128911126,0,1.0,sports,gaming,cooking,0.0588,0.0588,0.0588,0.0588,0.0588,0.0588,0.0588,0.0588,0.0588,0.0588,0.0588,0.0588,0.0588,0.0588,0.0588,0.0588,0.0588,0.0588,0.0588,0.0588
200128915770,0,1.0,sports,gaming,cooking,0.0588,0.0588,0.0588,0.0588,0.0588,0.0588,0.0588,0.0588,0.0588,0.0588,0.0588,0.0588,0.0588,0.0588,0.0588,0.0588,0.0588,0.0588,0.0588,0.0588
200128923741,0,1.0,sports,gaming,cooking,0.0588,0.0588,0.0588,0.0588,0.0588,0.0588,0.0588,0.0588,0.0588,0.0588,0.0588,0.0588,0.0588,0.0588,0.0588,0.0588,0.0588,0.0588,0.0588,0.0588
200128934144,0,1.0,sports,gaming,cooking,0.0588,0.0588,0.0588,0.0588,0.0588,0.0588,0.0588,0.0588,0.0588,0.0588,0.0588,0.0588,0.0588,0.0588,0.0588,0.0588,0.0588,0.0588,0.0588,0.0588
200128934219,0,1.0,sports,gaming,cooking,0.0588,0.0588,0.0588,0.0588,0.0588,0.0588,0.0588,0.0588,0.0588,0.0588,0.0588,0.0588,0.0588,0.0588,0.0588,0.0588,0.0588,0.0588,0.0588,0.0588
200128935539,0,1.0,sports,gaming,cooking,0.0588,0.0588,0.0588,0.0588,0.0588,0.0588,0.0588,0.0588,0.0588,0.0588,0.0588,0.0588,0.0588,0.0588,0.0588,0.0588,0.0588,0.0588,0.0588,0.0588
200128937733,0,1.0,sports,gaming,cooking,0.0588,0.0588,0.0588,0.0588,0.0588,0.0588,0.0588,0.0588,0.0588,0.0588,0.0588,0.0588,0.0588,0.0588,0.0588,0.0588,0.0588,0.0588,0.0588,0.0588
200128940224,0,1.0,sports,gaming,cooking,0.0588,0.0588,0.0588,0.0588,0.0588,0.0588,0.0588,0.0588,0.0588,0.0588,0.0588,0.0588,0.0588,0.0588,0.0588,0.0588,0.0588,0.0588,0.0588,0.0588
200128944259,0,1.0,sports,gaming,cooking,0.0588,0.0588,0.0588,0.0588,0.0588,0.0588,0.0588,0.0588,0.0588,0.0588,0.0588,0.0588,0.0588,0.0588,0.0588,0.0588,0.0588,0.0588,0.0588,0.0588
200128944333,0,1.0,sports,gaming,cooking,0.0588,0.0588,0.0588,0.0588,0.0588,0.0588,0.0588,0.0588,0.0588,0.0588,0.0588,0.0588,0.0588,0.0588,0.0588,0.0588,0.0588,0.0588,0.0588,0.0588
200128944358,0,1.0,sports,gaming,cooking,0.0588,0.0588,0.0588,0.0588,0.0588,0.0588,0.0588,0.0588,0.0588,0.0588,0.0588,0.0588,0.0588,0.0588,0.0588,0.0588,0.0588,0.0588,0.0588,0.0588
200128944523,0,1.0,sports,gaming,cooking,0.0588,0.0588,0.0588,0.0588,0.0588,0.0588,0.0588,0.0588,0.0588,0.0588,0.0588,0.0588,0.0588,0.0588,0.0588,0.0588,0.0588,0.0588,0.0588,0.0588
200128944572,0,1.0,sports,gaming,cooking,0.0588,0.0588,0.0588,0.0588,0.0588,0.0588,0.0588,0.0588,0.0588,0.0588,0.0588,0.0588,0.0588,0.0588,0.0588,0.0588,0.0588,0.0588,0.0588,0.0588
200128950306,0,1.0,sports,gaming,cooking,0.0588,0.0588,0.0588,0.0588,0.0588,0.0588,0.0588,0.0588,0.0588,0.0588,0.0588,0.0588,0.0588,0.0588,0.0588,0.0588,0.0588,0.0588,0.0588,0.0588
200128952278,0,1.0,sports,gaming,cooking,0.0588,0.0588,0.0588,0.0588,0.0588,0.0588,0.0588,0.0588,0.0588,0.0588,0.0588,0.0588,0.0588,0.0588,0.0588,0.0588,0.0588,0.0588,0.0588,0.0588
200128954118,0,1.0,sports,gaming,cooking,0.0588,0.0588,0.0588,0.0588,0.0588,0.0588,0.0588,0.0588,0.0588,0.0588,0.0588,0.0588,0.0588,0.0588,0.0588,0.0588,0.0588,0.0588,0.0588,0.0588
200128954860,0,1.0,sports,gaming,cooking,0.0588,0.0588,0.0588,0.0588,0.0588,0.0588,0.0588,0.0588,0.0588,0.0588,0.0588,0.0588,0.0588,0.0588,0.0588,0.0588,0.0588,0.0588,0.0588,0.0588
200128961733,0,1.0,sports,gaming,cooking,0.0588,0.0588,0.0588,0.0588,0.0588,0.0588,0.0588,0.0588,0.0588,0.0588,0.0588,0.0588,0.0588,0.0588,0.0588,0.0588,0.0588,0.0588,0.0588,0.0588
200128961857,0,1.0,sports,gaming,cooking,0.0588,0.0588,0.0588,0.0588,0.0588,0.0588,0.0588,0.0588,0.0588,0.0588,0.0588,0.0588,0.0588,0.0588,0.0588,0.0588,0.0588,0.0588,0.0588,0.0588
200128962806,0,1.0,sports,gaming,cooking,0.0588,0.0588,0.0588,0.0588,0.0588,0.0588,0.0588,0.0588,0.0588,0.0588,0.0588,0.0588,0.0588,0.0588,0.0588,0.0588,0.0588,0.0588,0.0588,0.0588
200128969199,0,1.0,sports,gaming,cooking,0.0588,0.0588,0.0588,0.0588,0.0588,0.0588,0.0588,0.0588,0.0588,0.0588,0.0588,0.0588,0.0588,0.0588,0.0588,0.0588,0.0588,0.0588,0.0588,0.0588
200128969850,0,1.0,sports,gaming,cooking,0.0588,0.0588,0.0588,0.0588,0.0588,0.0588,0.0588,0.0588,0.0588,0.0588,0.0588,0.0588,0.0588,0.0588,0.0588,0.0588,0.0588,0.0588,0.0588,0.0588
200128980014,0,1.0,sports,gaming,cooking,0.0588,0.0588,0.0588,0.0588,0.0588,0.0588,0.0588,0.0588,0.0588,0.0588,0.0588,0.0588,0.0588,0.0588,0.0588,0.0588,0.0588,0.0588,0.0588,0.0588
200128983935,0,1.0,sports,gaming,cooking,0.0588,0.0588,0.0588,0.0588,0.0588,0.0588,0.0588,0.0588,0.0588,0.0588,0.0588,0.0588,0.0588,0.0588,0.0588,0.0588,0.0588,0.0588,0.0588,0.0588
200128986623,0,1.0,sports,gaming,cooking,0.0588,0.0588,0.0588,0.0588,0.0588,0.0588,0.0588,0.0588,0.0588,0.0588,0.0588,0.0588,0.0588,0.0588,0.0588,0.0588,0.0588,0.0588,0.0588,0.0588
200128987837,0,1.0,sports,gaming,cooking,0.0588,0.0588,0.0588,0.0588,0.0588,0.0588,0.0588,0.0588,0.0588,0.0588,0.0588,0.0588,0.0588,0.0588,0.0588,0.0588,0.0588,0.0588,0.0588,0.0588
200128989502,0,1.0,sports,gaming,cooking,0.0588,0.0588,0.0588,0.0588,0.0588,0.0588,0.0588,0.0588,0.0588,0.0588,0.0588,0.0588,0.0588,0.0588,0.0588,0.0588,0.0588,0.0588,0.0588,0.0588
200128991938,0,1.0,sports,gaming,cooking,0.0588,0.0588,0.0588,0.0588,0.0588,0.0588,0.0588,0.0588,0.0588,0.0588,0.0588,0.0588,0.0588,0.0588,0.0588,0.0588,0.0588,0.0588,0.0588,0.0588
200128992019,0,1.0,sports,gaming,cooking,0.0588,0.0588,0.0588,0.0588,0.0588,0.0588,0.0588,0.0588,0.0588,0.0588,0.0588,0.0588,0.0588,0.0588,0.0588,0.0588,0.0588,0.0588,0.0588,0.0588
200128999311,0,1.0,sports,gaming,cooking,0.0588,0.0588,0.0588,0.0588,0.0588,0.0588,0.0588,0.0588,0.0588,0.0588,0.0588,0.0588,0.0588,0.0588,0.0588,0.0588,0.0588,0.0588,0.0588,0.0588
200129000531,0,1.0,sports,gaming,cooking,0.0588,0.0588,0.0588,0.0588,0.0588,0.0588,0.0588,0.0588,0.0588,0.0588,0.0588,0.0588,0.0588,0.0588,0.0588,0.0588,0.0588,0.0588,0.0588,0.0588
200129000564,0,1.0,sports,gaming,cooking,0.0588,0.0588,0.0588,0.0588,0.0588,0.0588,0.0588,0.0588,0.0588,0.0588,0.0588,0.0588,0.0588,0.0588,0.0588,0.0588,0.0588,0.0588,0.0588,0.0588
200129001141,0,1.0,sports,gaming,cooking,0.0588,0.0588,0.0588,0.0588,0.0588,0.0588,0.0588,0.0588,0.0588,0.0588,0.0588,0.0588,0.0588,0.0588,0.0588,0.0588,0.0588,0.0588,0.0588,0.0588
200129002362,0,1.0,sports,gaming,cooking,0.0588,0.0588,0.0588,0.0588,0.0588,0.0588,0.0588,0.0588,0.0588,0.0588,0.0588,0.0588,0.0588,0.0588,0.0588,0.0588,0.0588,0.0588,0.0588,0.0588
200129002438,0,1.0,sports,gaming,cooking,0.0588,0.0588,0.0588,0.0588,0.0588,0.0588,0.0588,0.0588,0.0588,0.0588,0.0588,0.0588,0.0588,0.0588,0.0588,0.0588,0.0588,0.0588,0.0588,0.0588
200129002859,0,1.0,sports,gaming,cooking,0.0588,0.0588,0.0588,0.0588,0.0588,0.0588,0.0588,0.0588,0.0588,0.0588,0.0588,0.0588,0.0588,0.0588,0.0588,0.0588,0.0588,0.0588,0.0588,0.0588
200129003188,0,1.0,sports,gaming,cooking,0.0588,0.0588,0.0588,0.0588,0.0588,0.0588,0.0588,0.0588,0.0588,0.0588,0.0588,0.0588,0.0588,0.0588,0.0588,0.0588,0.0588,0.0588,0.0588,0.0588
200129003196,0,1.0,sports,gaming,cooking,0.0588,0.0588,0.0588,0.0588,0.0588,0.0588,0.0588,0.0588,0.0588,0.0588,0.0588,0.0588,0.0588,0.0588,0.0588,0.0588,0.0588,0.0588,0.0588,0.0588
200129003402,0,1.0,sports,gaming,cooking,0.0588,0.0588,0.0588,0.0588,0.0588,0.0588,0.0588,0.0588,0.0588,0.0588,0.0588,0.0588,0.0588,0.0588,0.0588,0.0588,0.0588,0.0588,0.0588,0.0588
200129003501,0,1.0,sports,gaming,cooking,0.0588,0.0588,0.0588,0.0588,0.0588,0.0588,0.0588,0.0588,0.0588,0.0588,0.0588,0.0588,0.0588,0.0588,0.0588,0.0588,0.0588,0.0588,0.0588,0.0588
200129003584,0,1.0,sports,gaming,cooking,0.0588,0.0588,0.0588,0.0588,0.0588,0.0588,0.0588,0.0588,0.0588,0.0588,0.0588,0.0588,0.0588,0.0588,0.0588,0.0588,0.0588,0.0588,0.0588,0.0588
200129003634,0,1.0,sports,gaming,cooking,0.0588,0.0588,0.0588,0.0588,0.0588,0.0588,0.0588,0.0588,0.0588,0.0588,0.0588,0.0588,0.0588,0.0588,0.0588,0.0588,0.0588,0.0588,0.0588,0.0588
200129003667,0,1.0,sports,gaming,cooking,0.0588,0.0588,0.0588,0.0588,0.0588,0.0588,0.0588,0.0588,0.0588,0.0588,0.0588,0.0588,0.0588,0.0588,0.0588,0.0588,0.0588,0.0588,0.0588,0.0588
200129003790,0,1.0,sports,gaming,cooking,0.0588,0.0588,0.0588,0.0588,0.0588,0.0588,0.0588,0.0588,0.0588,0.0588,0.0588,0.0588,0.0588,0.0588,0.0588,0.0588,0.0588,0.0588,0.0588,0.0588
200129003857,0,1.0,sports,gaming,cooking,0.0588,0.0588,0.0588,0.0588,0.0588,0.0588,0.0588,0.0588,0.0588,0.0588,0.0588,0.0588,0.0588,0.0588,0.0588,0.0588,0.0588,0.0588,0.0588,0.0588
200129003899,0,1.0,sports,gaming,cooking,0.0588,0.0588,0.0588,0.0588,0.0588,0.0588,0.0588,0.0588,0.0588,0.0588,0.0588,0.0588,0.0588,0.0588,0.0588,0.0588,0.0588,0.0588,0.0588,0.0588
200129003964,0,1.0,sports,gaming,cooking,0.0588,0.0588,0.0588,0.0588,0.0588,0.0588,0.0588,0.0588,0.0588,0.0588,0.0588,0.0588,0.0588,0.0588,0.0588,0.0588,0.0588,0.0588,0.0588,0.0588
200129004491,0,1.0,sports,gaming,cooking,0.0588,0.0588,0.0588,0.0588,0.0588,0.0588,0.0588,0.0588,0.0588,0.0588,0.0588,0.0588,0.0588,0.0588,0.0588,0.0588,0.0588,0.0588,0.0588,0.0588
200129004525,0,1.0,sports,gaming,cooking,0.0588,0.0588,0.0588,0.0588,0.0588,0.0588,0.0588,0.0588,0.0588,0.0588,0.0588,0.0588,0.0588,0.0588,0.0588,0.0588,0.0588,0.0588,0.0588,0.0588
200129005266,0,1.0,sports,gaming,cooking,0.0588,0.0588,0.0588,0.0588,0.0588,0.0588,0.0588,0.0588,0.0588,0.0588,0.0588,0.0588,0.0588,0.0588,0.0588,0.0588,0.0588,0.0588,0.0588,0.0588
200129005365,0,1.0,sports,gaming,cooking,0.0588,0.0588,0.0588,0.0588,0.0588,0.0588,0.0588,0.0588,0.0588,0.0588,0.0588,0.0588,0.0588,0.0588,0.0588,0.0588,0.0588,0.0588,0.0588,0.0588
200129005829,0,1.0,sports,gaming,cooking,0.0588,0.0588,0.0588,0.0588,0.0588,0.0588,0.0588,0.0588,0.0588,0.0588,0.0588,0.0588,0.0588,0.0588,0.0588,0.0588,0.0588,0.0588,0.0588,0.0588
200129005845,0,1.0,sports,gaming,cooking,0.0588,0.0588,0.0588,0.0588,0.0588,0.0588,0.0588,0.0588,0.0588,0.0588,0.0588,0.0588,0.0588,0.0588,0.0588,0.0588,0.0588,0.0588,0.0588,0.0588
200129006058,0,1.0,sports,gaming,cooking,0.0588,0.0588,0.0588,0.0588,0.0588,0.0588,0.0588,0.0588,0.0588,0.0588,0.0588,0.0588,0.0588,0.0588,0.0588,0.0588,0.0588,0.0588,0.0588,0.0588
200129006264,0,1.0,sports,gaming,cooking,0.0588,0.0588,0.0588,0.0588,0.0588,0.0588,0.0588,0.0588,0.0588,0.0588,0.0588,0.0588,0.0588,0.0588,0.0588,0.0588,0.0588,0.0588,0.0588,0.0588
200129006843,0,1.0,sports,gaming,cooking,0.0588,0.0588,0.0588,0.0588,0.0588,0.0588,0.0588,0.0588,0.0588,0.0588,0.0588,0.0588,0.0588,0.0588,0.0588,0.0588,0.0588,0.0588,0.0588,0.0588
200129006983,0,1.0,sports,gaming,cooking,0.0588,0.0588,0.0588,0.0588,0.0588,0.0588,0.0588,0.0588,0.0588,0.0588,0.0588,0.0588,0.0588,0.0588,0.0588,0.0588,0.0588,0.0588,0.0588,0.0588
200129007411,0,1.0,sports,gaming,cooking,0.0588,0.0588,0.0588,0.0588,0.0588,0.0588,0.0588,0.0588,0.0588,0.0588,0.0588,0.0588,0.0588,0.0588,0.0588,0.0588,0.0588,0.0588,0.0588,0.0588
200129008328,0,1.0,sports,gaming,cooking,0.0588,0.0588,0.0588,0.0588,0.0588,0.0588,0.0588,0.0588,0.0588,0.0588,0.0588,0.0588,0.0588,0.0588,0.0588,0.0588,0.0588,0.0588,0.0588,0.0588
200129008773,0,1.0,sports,gaming,cooking,0.0588,0.0588,0.0588,0.0588,0.0588,0.0588,0.0588,0.0588,0.0588,0.0588,0.0588,0.0588,0.0588,0.0588,0.0588,0.0588,0.0588,0.0588,0.0588,0.0588
200129008849,0,1.0,sports,gaming,cooking,0.0588,0.0588,0.0588,0.0588,0.0588,0.0588,0.0588,0.0588,0.0588,0.0588,0.0588,0.0588,0.0588,0.0588,0.0588,0.0588,0.0588,0.0588,0.0588,0.0588
200129016743,0,1.0,sports,gaming,cooking,0.0588,0.0588,0.0588,0.0588,0.0588,0.0588,0.0588,0.0588,0.0588,0.0588,0.0588,0.0588,0.0588,0.0588,0.0588,0.0588,0.0588,0.0588,0.0588,0.0588
